GroupSize;GroupOrientation;DistanceFromGroup;WelcomedFactor
2;20;1.327052;3
2;-20;1.874598;4
1;-10;1.268952;3
1;-30;1.381048;4
2;10;1.628783;2
2;-40;2.123651;5
2;40;1.176008;3
1;20;1.053742;1
3;0;1.719972;2
3;-40;5;3
1;40;5;4
1;10;5;1
3;20;5;2
1;-40;5;3
3;30;5;1
2;0;5;2
3;10;5;3
2;-30;5;5
3;40;5;4
3;-20;5;2
3;-30;5;3
1;30;5;2
2;30;5;3
1;-20;5;2
1;0;5;1
2;-10;5;2
3;-10;5;3

