MemberCount;GroupSize;GroupOrientation;GroupArc;DistanceFromGroup;WelcomedFactor;ScenarioLength
10;3;0;273;3.369496;2;13.70477
3;3;-10;180;0.9835362;2;4.671095
10;2;50;216;1.220865;3;1.879457
4;1;20;360;1.210721;1;1.441983
3;3;20;180;0.5399958;2;1.961588
3;3;10;180;0.3999958;2;1.912301
3;3;-30;180;0.1399958;4;1.821343
10;1;-50;91;0.4399959;1;1.926688
3;3;40;180;0.0400042;2;1.757805
3;3;-40;180;0.2200042;4;1.695449
3;3;0;180;0.1199958;3;1.813506

